cluster,dispo_alim_kcal_j,dispo_prot_j,evol_population,ratio_proteines,PIB/habitant,stabilite_politique,importations
1,0.04722560485922227,-0.36902117971493115,-0.3872747650517115,-1.8292161722817808,-1.5325163793523855,-1.8750178445456833,-0.5456680521866553
2,-0.7591072637779689,-1.1029990603528343,-0.5999453877311393,0.5220095701412314,-0.5583291472362828,0.8537182415072893,-0.5723387619472066
3,-1.2325462789527633,-0.6794729492731101,1.9890724535822593,0.09772278125847728,0.026113024104891407,0.07220927370991577,-0.4029299356575538
4,0.2608928136980851,0.4157952778679877,-0.37479021938480583,0.038836041378384235,0.7103258291449858,0.08732891956931224,1.996530243677672
5,1.683535124173416,1.7356979114728894,-0.6270620814146033,1.1706477795036898,1.3544066733387894,0.8617614097591659,-0.4755934938862562
