cluster,dispo_alim_kcal_j,dispo_prot_j,evol_population,ratio_proteines,PIB/habitant,stabilite_politique,importations,consommation_volailles,inflation
1,0.675736881023465,0.8222853586658883,-1.5578470285388164,0.3339112437654059,-0.2423778764639672,0.38353101830720565,-0.1301298276444704,-1.0727611872364062,-0.54410392832106
2,0.32711833023214876,0.3350319318668045,1.5641773773460812,0.7141928753048359,1.897253962187241,1.6878560157671416,-0.7897762974725169,-0.7358691904835736,-0.4868931358459638
3,1.0160324442547897,0.7028530093564025,0.13569703665801972,-0.04357916821495089,-0.01912307675021538,-0.07393689846098196,-0.18348242558701156,1.5000781345530783,-0.5918109247374687
4,-1.8359115086376114,-1.9269505542236847,0.15030304070915348,-1.893664194163673,-0.7762188358105725,-1.0415960425445632,1.9149478615376718,-0.5563022753968819,-0.37178934021181737
5,-0.1829761468728025,0.06678025433458112,-0.29233042617443766,0.8891392433083759,-0.8595341731624858,-0.9558540930688028,-0.8115593108336728,0.8648545185637846,1.9945973291163102
